X,Y,Etiqueta
-4.800067817563851,-1.546986177448848,0.0
-4.637145028954546,-0.21987972842294226,0.0
-4.462678672665071,-2.080763474127049,0.0
-3.8534696615272437,-0.9491963652282959,0.0
-3.031920646257332,0.22776464773833138,0.0
-3.5965333924362497,0.3232299321324983,0.0
-3.760460797678899,-0.6835067603877211,0.0
-3.526602722647029,-0.31556854840155785,0.0
-4.35253112324086,-1.4822846021019649,0.0
-3.0269133121113874,-0.5670908873191554,0.0
-0.7847135498883211,2.6286711466380157,0.0
-3.5853829976693157,-1.0547693705072556,0.0
-4.693367494200029,-2.6131891106999063,0.0
-2.984217610379337,-0.10260307183553752,0.0
-4.918774081543673,-0.989469998978041,0.0
-3.2665815235996813,-0.027410546069493488,0.0
-1.5313896468955288,0.2158446689434817,0.0
-2.71938343996421,0.3795003304733645,0.0
-4.547382114038344,-0.786930327068828,0.0
-2.536952993962831,0.2718539590868016,0.0
-1.5562062149415599,0.5456955851025488,0.0
-1.9981793134273471,2.2355993770421785,0.0
-2.3779702296093097,0.34496725489490665,0.0
-2.0573580043698163,1.4343700722789061,0.0
-1.401647683708238,1.4638035491840433,0.0
-2.2728351419972004,0.9718634831315371,0.0
-2.1420590193574047,0.11124362449737453,0.0
-3.10871442120492,0.16218643985837514,0.0
-3.1587537904127476,0.03254623459750132,0.0
-2.283520395577981,0.4870619472971079,0.0
-2.248347311557129,0.524251302366358,0.0
-1.6826832125034747,0.22551980579836647,0.0
-3.0412669299083777,-0.29537550567896215,0.0
-1.599802654540906,1.692886543093392,0.0
-2.1556877718285423,0.8771653811064045,0.0
-3.732464016827254,-0.6508880613809237,0.0
-3.6904441886232067,-1.471416609803896,0.0
-3.165138829891531,-0.5982507602992164,0.0
-1.9908409522331005,0.6430623750708062,0.0
-2.722196357006299,0.31332572439546813,0.0
-2.179508153860933,1.3902245412157044,0.0
-2.955963270132823,-0.9275690880706596,0.0
-5.011412798292577,-0.8123472007892671,0.0
-4.061391262362422,-1.1751857201221938,0.0
-2.317641785609175,1.349252042350885,0.0
-3.004083837932878,0.7690583094377843,0.0
-3.506427373815436,0.11125338760872718,0.0
-3.56151690349057,-0.11464079448101169,0.0
-3.5747030309702557,0.5547806423962024,0.0
-3.2475195810332114,0.006720815696086006,0.0
-4.360314776975425,-2.212712451043478,0.0
-2.1012622569177366,1.5118380538920322,0.0
-2.501704404536923,1.7275495665048237,0.0
-2.3712406159761032,0.15602745358300155,0.0
-5.292442868691543,-1.3560830985911572,0.0
-5.058238472079181,-1.4852055156833528,0.0
-2.7869851498020553,1.4210459963290718,0.0
-2.9995086715258066,0.5080093152114282,0.0
-3.8496236254242615,-0.9476606163206148,0.0
-3.874194197880009,-0.2909394867693959,0.0
-3.009447558403554,-0.7047696703307241,0.0
-3.702373623695945,0.136506474275215,0.0
-2.2937564757033857,0.6116063314830628,0.0
-3.1719656310273128,0.9976114442386683,0.0
-3.766645553556271,-0.5089440611329811,0.0
-2.44011904636171,0.9009320878154854,0.0
-2.3703375738385493,0.6497938388297843,0.0
-2.610690435031378,0.8171235444093027,0.0
-3.4811322273913845,-0.6128719276724177,0.0
-3.03002855519315,-0.7213413532428339,0.0
-1.7242166848063987,1.553679027388046,0.0
-3.3589349339264714,0.04269421135123545,0.0
-5.559520282969482,-1.962179006530066,0.0
-2.4872523660207984,1.2192107647571462,0.0
-1.6056547494584985,1.102413513724861,0.0
-3.477066870084755,0.6065462124920207,0.0
-2.032120726349702,0.4451936479895773,0.0
-2.696789478129713,-0.11640999072365114,0.0
-3.7273163539452234,-1.410325010627142,0.0
-1.7729647997541325,0.9501334909120189,0.0
-3.1376965429774706,1.0826466786953821,0.0
-3.9283857958273507,-0.873013528876871,0.0
-2.104460808182743,1.4295612272868354,0.0
-1.562612892536363,0.46038808158090816,0.0
-4.227290075715586,-1.026837967466512,0.0
-3.974393919641266,-0.7728128523253426,0.0
-3.606988521781393,-1.0187332597595766,0.0
-2.2343702017163,1.1967080219747432,0.0
-2.0197638843305517,0.5441265441187423,0.0
-2.5733713176043063,0.4376834732163871,0.0
-2.2293741128827023,-0.09896966468178577,0.0
-1.6863081591317637,-0.09251178269721491,0.0
-3.0865315215426863,-1.0997617484680748,0.0
-1.9687860177177665,1.0642060752398117,0.0
-2.786332995904216,1.1895551209694781,0.0
-1.85793714280331,1.3109606568509833,0.0
-2.593349449157728,-0.3321166437367137,0.0
-3.4421761150153274,-0.5506715411969193,0.0
-3.992599684443143,-0.471769926616069,0.0
-5.474873062494375,-1.6295785671557035,0.0
-2.574065013844629,0.27453830104380456,0.0
-4.250441277877347,-0.8360161064408158,0.0
-3.095955689724534,-1.1186084850042104,0.0
-2.74353634640694,-0.21030807774592128,0.0
-3.2345219133753322,-0.29659767027628176,0.0
-3.9637847358750897,-0.7631583208155016,0.0
-3.5984815354544843,-0.8934708734312816,0.0
-1.9743505126666832,0.7663112904586536,0.0
-3.103751323959734,0.13604528867224652,0.0
-5.130005781988563,-2.156731551324323,0.0
-1.9837019001656566,0.797480011810432,0.0
-2.712452052639678,0.5920635690200756,0.0
-1.5582768058100291,1.4817335923894528,0.0
-3.2218972289925483,-0.0750530482143727,0.0
-2.358098764634092,0.4914263212033491,0.0
-1.4930157555943258,1.1949813551110469,0.0
-2.6165629612283428,0.6465701921325623,0.0
-2.1501855679514703,1.343887493089221,0.0
-3.763205786405254,-2.072379266701929,0.0
-3.6184416542538567,-0.1903274228209329,0.0
-2.26964576195295,0.4790974813537466,0.0
-2.7797686708745517,0.03189184005865213,0.0
-2.1768456178725493,-0.2368434968954402,0.0
-4.4346030848362075,-0.7517923338161118,0.0
-1.7646508228480118,0.30790099872452403,0.0
-3.3122454020981302,-0.6764056888848429,0.0
-3.033688083168374,-0.23564910712734682,0.0
-3.875750232735448,-0.43635229345454796,0.0
-1.8741797927395651,0.25090402085484514,0.0
-1.691311688083176,1.6947261268724563,0.0
-1.7118796749068894,0.9675815180917663,0.0
-2.4176635926640873,0.549089930006185,0.0
-1.2227807217768332,1.8966133460949783,0.0
-3.524968183362774,-0.46904514525741486,0.0
-2.7358681183036415,0.32573315567405037,0.0
-2.501797789817618,-1.2553394166961502,0.0
-4.97889967926055,-1.7321829993171731,0.0
-2.2574405619323037,0.49529881316306074,0.0
-3.4316892884543577,-0.5051198669875434,0.0
-1.7263735273104663,2.5793264037002674,0.0
-3.217738862305253,0.42747501284920036,0.0
-2.8293089516122265,1.142381215635131,0.0
-3.464182800783575,-0.07911614952498087,0.0
-2.3913833585834823,1.3746121799728706,0.0
-4.066098896258798,-0.24273904651323217,0.0
-2.2520296913903564,0.44374204648090015,0.0
-4.850480855630715,-2.5208937267541858,0.0
-3.2305434053911997,0.48848982620817866,0.0
-3.277056184513288,0.09163609516606995,0.0
-2.7380713242312176,0.49597256919957894,0.0
-2.284866757883826,1.7638271632754554,0.0
-2.6728085100131698,-0.10299097789970768,0.0
-3.486494110901468,-0.7778788891527373,0.0
-1.3083418045836699,0.8399192587880725,0.0
-3.6077094507323575,-0.7086325544535976,0.0
-3.2139720795216054,0.4676529526831103,0.0
-1.6999385819535682,0.8379402311131384,0.0
-2.664707545582732,0.39496563903702125,0.0
-2.8692709525577738,-0.05071434445438023,0.0
-2.9076031538095366,0.024531030583708147,0.0
-2.0602323788192534,0.4255857080651297,0.0
-2.97869699720798,-0.542161170020743,0.0
-1.8032809147768667,0.9992081233874388,0.0
-3.5640625651802456,0.8632146949563906,0.0
-2.6297478499921274,0.9668226136649248,0.0
-3.3328676860570527,-1.0848225002591865,0.0
-3.359196254750761,-1.1079481149085944,0.0
-0.6690227798534449,2.714447357507672,0.0
-1.4768139277653531,1.808382067188426,0.0
-2.8758863265027523,1.1737057552384231,0.0
-3.8703038410454123,-1.1570502008367574,0.0
-1.9635349616941455,0.2686150684018991,0.0
-2.493047871078809,0.3296397450557079,0.0
-2.70357543560777,0.39553278455024105,0.0
-3.659404130271337,-0.4382632346457732,0.0
-1.8203998363248448,0.27026099215849525,0.0
-4.076485598540458,-1.5125315493651725,0.0
-2.2163654244155713,0.45400551178276405,0.0
-1.1003620491090678,1.59734064786724,0.0
-2.7411330592530123,0.6512159783773396,0.0
-3.663807091593755,-0.6614221719304588,0.0
-3.99153535618919,-0.7765226214863431,0.0
-3.036012597794621,0.06576731250563664,0.0
-2.6942678351887137,0.056007405340022354,0.0
-2.389297161828264,-0.10271416861314203,0.0
-2.9519971010475374,-0.5801036227732105,0.0
-3.719555793825771,-0.8773272528618293,0.0
-3.2031199629690414,0.10920983811152601,0.0
-3.113626956633593,-1.1069764201654082,0.0
-3.082050949180424,0.47462307294444867,0.0
-1.5115042103383585,1.733433468773881,0.0
-0.5368388329861502,1.8164710572142198,0.0
-2.5127488435916328,-0.5605474750588894,0.0
-1.5996273267540193,0.4695024805348089,0.0
-4.615491459354646,-1.5116247068832085,0.0
-3.4677627621617804,-0.6085948613287449,0.0
-2.153531181452263,-0.1758792244542563,0.0
-2.482333787233583,0.03605625080559631,0.0
-4.174746192064861,-0.45305000388332495,0.0
-4.6609193279707455,-1.1217181375124494,0.0
-2.079189397753799,0.21505538029584453,0.0
-3.8399902373740673,-0.6146508739398535,0.0
-1.4346303230615913,1.7901961032964542,0.0
-3.7913552589534407,-0.7540874440971753,0.0
-2.569041796104705,-0.07984355003630098,0.0
-1.8807731231413494,1.6253797421939573,0.0
-2.6329196482395507,0.21942307012170698,0.0
-4.860261906066579,-1.4273453943503096,0.0
-3.3967193725056206,-0.30687159792426316,0.0
-4.9857756226817695,-0.8982118523804401,0.0
-4.065921556571041,-0.6976903928553774,0.0
-1.0520093548468081,2.026239254243969,0.0
-2.9062803254348757,0.15314091424245616,0.0
-3.0282900821470666,-1.761014062522451,0.0
-2.545254414695127,0.6254480877071382,0.0
-2.1090463728809543,-0.00517648249999016,0.0
-3.9119257308932713,-0.7368165623761809,0.0
-2.178283254646504,1.0208246279289062,0.0
-3.781098324654144,-0.7777509612230159,0.0
-3.784230498381538,-0.7347344176626207,0.0
-2.258411905475085,0.008306174974449205,0.0
-2.9799197383364224,0.14296190516570198,0.0
-3.7944877351917894,-0.8672880904149276,0.0
-3.1289054437134842,-0.7389796480655249,0.0
-2.2226246298756167,0.7075590472775085,0.0
-2.258876731746076,1.2598935506085769,0.0
-3.527621838323784,-0.35110617816660944,0.0
-3.9606227737038378,0.31759740723826463,0.0
-1.8590395160908073,-0.2513532355529614,0.0
-3.1730705233830063,-0.20507501280470453,0.0
-2.199505148211687,0.18142849231711405,0.0
-2.6406924823520646,0.4739960103770438,0.0
-3.285871031820779,1.239898643581661,0.0
-1.8379798036420827,0.660408732761491,0.0
-0.90835074720483,2.2507019622957936,0.0
-0.9164781765485581,1.7423407562925404,0.0
-2.5140402789783067,0.03708834278282127,0.0
-4.964094583442846,-1.3351843496320992,0.0
-3.9723977907085732,-1.5304884540710897,0.0
-4.227527610488504,-0.9138290680793266,0.0
-4.0573570806034995,-0.40628279844957066,0.0
-2.0036904733130543,0.7279474999601036,0.0
-2.9785499357491694,-1.6581109220754175,0.0
-4.610584793384655,-1.260753359431362,0.0
-3.026372059236578,0.11308922750282335,0.0
-1.9122557902354214,0.8664205929317218,0.0
-4.454291963325722,-0.6333507862267405,0.0
-5.534485694397743,-2.5812397585405344,0.0
-2.212626741251297,0.46214314223034014,0.0
-2.0095808406538915,0.9411794882561857,0.0
-3.3522635040989845,-0.3739202238508676,0.0
-3.966020401728481,-1.1141514809785336,0.0
-2.4865661371843095,0.14580739902858936,0.0
-0.9553752080493569,1.053081421767915,0.0
-2.292900257174368,1.530195126293929,0.0
-4.284120283367704,-0.41451665322993947,0.0
-1.1136192660413327,0.6413131584054202,0.0
-2.4294144281403343,0.6817832415081092,0.0
-3.804497028436799,-0.14170124097754602,0.0
-3.8207716310841198,0.2813888797439143,0.0
-2.5000767071154084,-0.07755870975092533,0.0
-1.123938931958663,1.3138262147943802,0.0
-2.9486552441477842,-0.51073128734148,0.0
-4.335289165094497,-0.442054694366685,0.0
-1.025249808440397,2.5212248489757645,0.0
-1.00229018455054,2.2516401139476057,0.0
-4.182523548145815,-1.141504944902655,0.0
-1.60085065279976,1.028890143429626,0.0
-2.6941504747969707,0.19058780351079865,0.0
-2.772767170112743,0.15773685823784614,0.0
-2.82034041028122,-0.5847095034549479,0.0
-3.2505161677367904,0.7097165085265984,0.0
-2.4947400151770114,0.22455339239076982,0.0
-3.2135825241742544,-1.8321530238993347,0.0
-3.9209286339848552,-1.3205796614480925,0.0
-3.185975785961705,-0.1250568115563597,0.0
-3.8094828748496212,-0.9787246524493146,0.0
-2.7671831403941134,1.0536466096297936,0.0
-0.7635780188442625,2.2492824468645964,0.0
-1.480415013307828,1.037923684239681,0.0
-4.893943309713876,-1.9221479338792844,0.0
-2.62167972176493,-0.7484390055216443,0.0
-2.3705244163950767,0.7537893990580035,0.0
-3.5316293552930507,-0.1414760413298287,0.0
-3.1748385071214615,0.1584682199207162,0.0
-2.851880598912197,-1.0091100440375844,0.0
-3.2779387732247245,0.207725352607803,0.0
-3.444546875165262,-0.6746713924104778,0.0
-1.8820743062924146,0.4106431306311438,0.0
-3.2339825671399414,0.4826400709236557,0.0
-0.9396799603525681,1.6429678646367398,0.0
-2.166913810819652,1.3295369159003436,0.0
-2.3253070200815036,0.37703558943512455,0.0
-2.9350292792112977,0.34666214624757946,0.0
-1.6644720979295788,-0.5910221243037526,0.0
-3.6542684906816296,-0.3765933433015196,0.0
-2.448922614349815,-0.13452757202087143,0.0
-3.453652721153928,-0.21380311002560354,0.0
-2.485551145881497,0.3773758365872096,0.0
-2.0611012318563446,0.8259491088921527,0.0
-1.661101374003583,1.6028342229797727,0.0
-2.1793882120704113,0.9712014409707664,0.0
-1.4795938524837722,1.14722092516727,0.0
-2.3700211552704165,-0.42033993833441646,0.0
-2.989341877253798,-0.2291358508542913,0.0
-0.9349342311730169,1.2408226794058457,0.0
-3.857266985737577,-0.2908676484297714,0.0
-3.0028574001626773,0.25313644701831006,0.0
-3.3165925891571337,-0.10812071062500844,0.0
-3.7434368122188952,-1.6965462859354,0.0
-3.520945159957691,-0.7625488371992901,0.0
-2.691669537595862,0.11717094832214128,0.0
-2.2563469136857344,-0.03186147853753055,0.0
-3.7023294186138616,0.35446774618657867,0.0
-2.946309552061179,0.05281446999890666,0.0
-2.310822169305633,0.6148804039390855,0.0
-3.3251633625818293,-0.5593252423989411,0.0
-2.6970071303157677,0.558039758983494,0.0
-2.208950651649271,0.9507422369653407,0.0
-4.20827907732185,-0.3481720988555307,0.0
-3.3467283192069512,0.5182161207027901,0.0
-3.6662972849010664,-1.296357480385622,0.0
-1.7481241060840045,1.058999954085853,0.0
-3.9532747576833738,-0.9989930755088589,0.0
-2.9210286003438712,1.060696185939386,0.0
-2.538345152239741,-1.0060178395692767,0.0
-3.4653362707468833,-0.1364337071793455,0.0
-3.3562426151994886,-0.07181970958528228,0.0
-2.5192633728650087,-0.35309013403216954,0.0
-2.349289333085291,0.052650725836707164,0.0
-1.7157069941577616,0.48545844111586245,0.0
-3.460226324102759,-0.3983113653717696,0.0
-2.3694943233838774,0.21982831206375525,0.0
-3.319050229445826,0.36349244649049595,0.0
-1.2178128452686952,2.0205447952370568,0.0
-1.8863337930783486,-0.07825053632795935,0.0
-0.865496496829516,1.5572085327555907,0.0
-3.3325424628598976,-0.08394763582680126,0.0
-2.4308141409302206,1.2124064112834594,0.0
-4.475214252456403,-1.2247071006362997,0.0
-2.7945187334121173,0.9166264001562592,0.0
-3.990929587814272,-0.4423329719758439,0.0
-1.480859036921665,-0.2735887146336291,0.0
-4.498759808697106,-2.517568766392592,0.0
-3.7189252114939313,0.786790356248456,0.0
-3.613790739133896,-0.013434555668531788,0.0
-1.012553817761784,0.8631508826034257,0.0
-2.8395591102278006,0.8502915933795616,0.0
-2.4202328634495025,0.07719499933393999,0.0
-3.529946218645119,0.15432969558289092,0.0
-1.2464020597583463,0.9879833268437307,0.0
-2.597957698392521,1.0943523972704925,0.0
-3.8970173695201704,0.4514748501395757,0.0
-3.8772923502473082,-0.8994884890062318,0.0
-4.267039443584101,-1.1332769878732278,0.0
-2.546279812380284,0.8837740395062677,0.0
-2.247574907049616,0.5687618400604374,0.0
-4.227617248970429,-1.2916732852212154,0.0
-2.091236709015818,0.6150903493040598,0.0
-3.7946269598652167,-1.1440843654412396,0.0
-2.4716133560211793,0.20564917784091233,0.0
-3.0525844788203917,-0.29638961031228106,0.0
-1.199813646832158,1.2390838585830994,0.0
-2.5082507271099783,1.278093495673389,0.0
-3.95667801212809,-0.5852625688880069,0.0
-2.262599068020157,0.22144905825947342,0.0
-2.1858928328935336,0.14883977721151026,0.0
-4.6590192545300635,-3.0790853522375286,0.0
-3.128854373656488,-0.9412765807084323,0.0
-2.5885774252636193,-0.21344471945379917,0.0
-1.522241342926848,0.7566351989425019,0.0
-4.622871420671936,-1.7069806840580684,0.0
-2.4493463868512206,0.9021641532151943,0.0
-3.2375128890486353,0.2178764452979972,0.0
-1.3653661636163061,1.82664980530771,0.0
-3.207599170832338,-1.258486202065446,0.0
-3.9615750901317717,0.11118432893697941,0.0
-3.245656109438328,0.273846619478319,0.0
-3.412426040208218,-0.8598919325441265,0.0
-2.5421988001442504,-0.5332532736961809,0.0
-2.6558742611224724,0.5121615684397482,0.0
-3.693776398605203,-0.6782103238370555,0.0
-3.334266971805962,-1.0318061075038967,0.0
-2.9096181708672857,0.10257518252221422,0.0
-4.68695088069995,-1.8224017671908477,0.0
-2.53334309990337,0.48016059973217157,0.0
-2.189006544919253,0.9329016932428273,0.0
-2.0872107044748685,-0.22014572191783502,0.0
-2.844003974241302,-0.04483586065654563,0.0
-1.4301175942424562,1.5274230382831853,0.0
-4.577777845805446,-1.2480764063385807,0.0
-3.1563065947169586,-1.0047436200170157,0.0
-3.4993693969500015,-0.4054816379780878,0.0
-3.6355432864187858,-0.36824947662327145,0.0
-1.6969066505532615,1.2769091771462182,0.0
-2.265182591386807,0.7031414461158612,0.0
-2.5636903011574796,1.2663888431711128,0.0
-1.9008367716788392,0.5306222884862505,0.0
-2.7301502456530344,-0.41136751064591504,0.0
-2.3346711671344726,0.1404131317605402,0.0
-4.587248356373851,-1.0902623790012433,0.0
-2.8217659332481926,-0.06919332212155636,0.0
-4.0207696068903545,-0.7644960446875264,0.0
-3.4642112851741667,-0.48077671057887683,0.0
-1.3628395029681912,1.5660307641964168,0.0
-2.6988200953496873,0.7091486808175074,0.0
-3.7518556274071146,-1.1679804054736522,0.0
-3.9932823863258164,0.10458388870158478,0.0
-2.898422448577322,1.16531826037964,0.0
-2.1984265588591545,0.8160944655892358,0.0
-2.9930626156166524,0.014209927218469951,0.0
-2.018360320287948,0.6077426552913999,0.0
-2.4699395676771503,0.7368497345544873,0.0
-4.017004204209554,0.39080660239731113,0.0
-4.139407782599025,-1.4618609615594906,0.0
-3.623514770070927,0.007118012971069226,0.0
-3.0070088388656666,-0.05105404041398836,0.0
-3.3231852376504083,0.2253286640429986,0.0
-2.092226760036302,0.7018017827939103,0.0
-3.5447802790352925,-0.34780385569517863,0.0
-3.1103467660859327,-0.34422955946727835,0.0
-4.5974168487036575,-0.2478400711281446,0.0
-3.324471754141964,-0.4466474276971783,0.0
-3.5464694804309573,-0.8874468990452881,0.0
-2.2991563282343237,0.7215937456930649,0.0
-0.18483282644831833,2.0853448823676968,0.0
-2.2419152637651036,-0.09787353409336473,0.0
-1.882236785321948,0.8415393125462246,0.0
-1.3129350897771601,1.4302425562754577,0.0
-2.5002319672557256,0.5158356973298459,0.0
-4.1495057988618775,-1.0404044263507237,0.0
-3.0514314486376386,0.011469072896840342,0.0
-2.894202736381925,-0.5372447193276169,0.0
-2.988750281822537,0.20652114909929625,0.0
-1.973326388853388,1.5741605910026186,0.0
-3.8262247644585585,-1.2255420011466045,0.0
-2.493338697815651,-0.0487550383044321,0.0
-3.3279026305559554,-0.999078536968552,0.0
-2.51732545254892,-0.06055409981573673,0.0
-2.4809543573196366,-0.6157245858100625,0.0
-3.95335667100475,-1.563427340229224,0.0
-2.989615397839628,-0.12402677318925047,0.0
-1.996253962014702,0.44226457934028823,0.0
-3.722123508102653,-1.054567809071437,0.0
-3.003799055556974,-0.5107101946324075,0.0
-2.5353674460777116,0.7633078764824861,0.0
-3.82722308637093,-0.9381029148788951,0.0
-2.2828575543076903,1.9807608210905159,0.0
-1.6999132378035686,0.3251012831606005,0.0
-5.333521044784095,-2.5890535041503755,0.0
-1.3971559817732704,1.1705987569094227,0.0
-3.4088655028451558,-0.28850190543492304,0.0
-2.7683745482381803,1.384417076031085,0.0
-2.1305552769691722,0.12018313519892854,0.0
-4.331680356524238,-0.4911072068097919,0.0
-1.7813130281283436,0.3323971240885281,0.0
-3.330139001498453,-1.6249801464401332,0.0
-2.1422578534754013,1.4696088160685514,0.0
-2.864023644072747,-0.03095228030049308,0.0
-3.2863997071938025,-0.38302273651835195,0.0
-2.1714880532206084,1.6355728586527918,0.0
-4.321950559589956,-1.1920868437219276,0.0
-3.7826722123396026,0.6970364391109982,0.0
-2.6556673278261176,0.1801617740243394,0.0
-3.8110501288894696,0.11949558167536137,0.0
-4.429267166670943,-1.5928028580074234,0.0
-2.8567204471343244,-0.7282969594831474,0.0
-2.4383103224612577,0.03024336840308965,0.0
-2.576596781018169,1.486925715724125,0.0
-2.0802623279844994,0.5835205746318706,0.0
-3.757483019564011,0.06333375014651507,0.0
-4.329010588198732,0.4161588185096316,0.0
-3.0109770580596167,0.15264958579174595,0.0
-3.7152602180483063,0.19234470536802833,0.0
-3.4444540625401183,-0.5179641795365877,0.0
-2.1784332029146767,0.976166413077688,0.0
-4.199658318433686,-1.4592065540785082,0.0
-3.579638741728009,-0.4239612110764228,0.0
-3.564721199849031,-1.0736921550402456,0.0
-4.8217185850292115,-2.6307311035315544,0.0
-2.9498586948737375,0.6434431221815653,0.0
-3.5439704736338205,-0.019041135811594438,0.0
-2.5057005890669326,0.4469885858132023,0.0
-3.5078477407853064,0.4846391836249599,0.0
-3.906928324997594,-0.4030686428454253,0.0
-2.6822240969839983,0.9305510876665873,0.0
-3.6532918764237596,0.22528076327541202,0.0
-4.81369737419674,-2.0077130862836223,0.0
-2.341311988926789,0.11221797652452921,0.0
-2.742981461009319,0.01540443042436204,0.0
-3.295339777889575,-0.3867718610078161,0.0
-2.9936081810678408,0.6796945775970425,0.0
-2.2472094496040373,1.026712071334312,0.0
-2.8439552975024935,0.6141755706334782,0.0
-4.218326409243101,-1.4100225763709013,0.0
-3.4749398215312515,-0.36186128451014776,0.0
-2.3177450177564505,0.8345423748244511,0.0
-3.4048450116851674,-0.14372257727870172,0.0
-2.8415685009382403,0.21800394046788935,0.0
-1.7980350498991677,0.9754737219644716,0.0
-0.8096575321993055,-3.2452074849608796,1.0
0.3675295365684756,-2.5662434962349066,1.0
-0.2800639340536205,-3.152636827166552,1.0
0.06190375910000738,-4.087949495902757,1.0
-0.02879614018435003,-2.877618016733902,1.0
0.4196359341133089,-1.5216425449424638,1.0
-0.6476605683747518,-2.658876588573507,1.0
1.0368694780742216,-2.5369575029992975,1.0
0.31810353423489335,-3.7435922073966448,1.0
-0.23467768603269445,-3.1731908449323836,1.0
-1.1852334262108508,-3.7418559518066776,1.0
0.7431127044992695,-2.9510051261986248,1.0
-1.3739466012713746,-4.874924128034772,1.0
1.334933293126786,-2.351189923139859,1.0
-0.8958782392417414,-4.224059544103644,1.0
0.6714854926829514,-2.241431815219723,1.0
0.4107576032361929,-3.0181076221849934,1.0
-1.0521814497643662,-3.378416773425812,1.0
-1.1772755578593217,-3.6922329701566574,1.0
0.17962097817225772,-3.943549211675821,1.0
-1.67908773361974,-4.488092986914625,1.0
-0.9295298900453961,-3.224365800888194,1.0
-1.4921066481252403,-4.227488511280853,1.0
-0.22370401224969422,-3.602686721457976,1.0
0.23871781308345913,-3.3015012015674388,1.0
0.9655685954462624,-2.599577478581033,1.0
-0.18373513567344704,-2.5202303453545922,1.0
-3.068175853002685,-5.948325758917131,1.0
0.8791941227779684,-1.3207601723240625,1.0
0.4942514198205642,-2.923554139949173,1.0
0.19323925077297727,-3.5914006403934224,1.0
-0.18310029385459944,-3.2389938823982756,1.0
-0.21394388708408799,-2.972715067101935,1.0
-0.06919533303209745,-3.058862221352067,1.0
-0.4010856475827065,-3.1383632235505243,1.0
1.4307531234908422,-2.4736527588245685,1.0
0.511545733895049,-3.394595752654756,1.0
-0.37989747186948647,-2.7861818171648802,1.0
-0.24449611704289642,-3.9074172893536554,1.0
0.712298635013557,-2.0800653947893957,1.0
0.48083972182622114,-2.7194306712772396,1.0
-0.25406774376777197,-3.8784826747483,1.0
0.6336529619323352,-2.872363626150572,1.0
1.2606314533951983,-2.2814323884152823,1.0
-0.6590840911201581,-3.6263099991198606,1.0
0.9071257499714557,-2.2390357402126106,1.0
1.7866029919236668,-1.677184749943769,1.0
-2.010727848166737,-5.067803070119856,1.0
-0.6734033613712804,-3.7148218465153056,1.0
-0.5400429623607649,-3.1205617143770836,1.0
1.0577142203494154,-1.9618515867039168,1.0
-1.2462836780076818,-4.749402401624717,1.0
0.6346725538505665,-2.559928496678702,1.0
-0.421212248358893,-3.089225041632756,1.0
-1.3603274791801736,-4.044417058181871,1.0
-0.3393148444019548,-2.542947627524631,1.0
-0.19500297457589355,-4.1409537587820955,1.0
-2.9564216409658752,-4.837025067736128,1.0
0.04007635640571779,-2.7209123091383747,1.0
-1.2019423547672448,-4.310851698728973,1.0
-1.0421709283197649,-3.3435741621441712,1.0
1.1532224455559055,-2.2277256673626735,1.0
-1.0198470903433738,-3.7284024250293903,1.0
-0.8344686804471227,-3.9183120546855883,1.0
0.9061997131186404,-3.357850879754948,1.0
1.0723078582173842,-1.8979249298446308,1.0
-0.9502170106936174,-3.6142703142815056,1.0
0.2076027342073582,-2.9642806964691406,1.0
-0.23076723723499223,-3.181302143086373,1.0
-1.3787775090771843,-4.286160233672941,1.0
1.8076515208091628,-1.9971849115264835,1.0
-1.070468160364013,-4.811175073107228,1.0
-0.6403990545799794,-3.8101328756101616,1.0
0.20346336837531764,-2.8813696521136407,1.0
-1.0977255708939853,-4.219689452164105,1.0
0.5156920173316214,-3.452473123055186,1.0
-0.3640142219645497,-3.028153450681244,1.0
-0.6689270299355884,-2.784819806402091,1.0
-0.1468851158487393,-2.9577951697729112,1.0
-1.0737506969155872,-5.0540657457058416,1.0
-0.018557101851086222,-2.1165751095782586,1.0
-1.1026127109875798,-3.6735674646543726,1.0
-0.8933492662892971,-3.6864944329894236,1.0
-1.6673271669783698,-4.428411290305729,1.0
-0.2778250635223154,-3.177290770706814,1.0
0.1829141765286703,-3.548847803381886,1.0
-0.6898759894128151,-3.7723733206410803,1.0
-1.704497644493935,-4.752343203118533,1.0
-0.4773006044978152,-3.3213356875852353,1.0
0.2797142983207099,-2.0928032759484148,1.0
-1.802629090361623,-4.811975024683569,1.0
0.39732914779682527,-2.8272107371900423,1.0
1.8514815752590446,-1.2609773311442245,1.0
-0.571661462867558,-2.9045739781309265,1.0
-0.7790726829730416,-4.042489831747078,1.0
-0.09279271235061293,-2.381972584332762,1.0
0.32584780392730855,-2.9967231999917208,1.0
-1.6491723927480058,-3.9929455976629806,1.0
0.1699414568255462,-3.205596374818909,1.0
1.7221566027410216,-0.9048820896530394,1.0
1.4710413432037461,-2.7702993738768935,1.0
-1.708398171705543,-4.298587357701699,1.0
1.464585485533724,-2.3034693872282057,1.0
-0.5486282092909612,-4.103905582682089,1.0
-1.4245772823661333,-4.034694179822044,1.0
-0.6370360966998411,-3.381084217007688,1.0
-0.4600683341548761,-2.9031841552177067,1.0
0.40359805534738313,-2.5420411435648287,1.0
-0.8913921497543712,-3.5353261877564925,1.0
1.2919074547339762,-2.024579407635737,1.0
-0.11080488333807777,-3.368856043221471,1.0
-1.5592629800582847,-4.807914893017236,1.0
-0.08942125449925684,-2.602790881797364,1.0
-0.26763107590461066,-3.3595107100269566,1.0
0.6223256591392078,-2.1869801072742883,1.0
-1.1372766504766416,-3.8342702256248034,1.0
0.18903324490482185,-1.7125338256577083,1.0
1.8728334284204269,-2.1281448612080154,1.0
-0.9826816256890332,-3.839847565639629,1.0
0.868698660167994,-2.826098473804634,1.0
-2.2387314305662143,-5.164676660720857,1.0
-0.6073118227300879,-3.406263634430737,1.0
-0.5832879120488319,-3.2417021826691745,1.0
-0.5761826835936155,-3.8134941666976596,1.0
0.8272356347339674,-3.2738838718094256,1.0
0.6545283638843069,-2.1740048481978484,1.0
-1.1808291535934983,-3.801963291230048,1.0
0.7226594844923466,-3.076241211670997,1.0
2.2706239720642287,-0.0009555041545210585,1.0
0.7008087852780475,-2.5828253888192263,1.0
0.31965508797663894,-3.569299139601877,1.0
-0.30804550204598236,-2.0282894734989942,1.0
-0.5930567058888896,-3.365847589473522,1.0
0.7917968655634474,-0.7892247045265259,1.0
0.7418893033920719,-1.0423257706618356,1.0
1.5621027429248502,-0.5490661108249566,1.0
-1.2743200056184418,-4.795722115061253,1.0
-0.5740234995135308,-3.227766383004974,1.0
1.2302844590261859,-2.686217990451808,1.0
1.0790146141945058,-1.578821744216222,1.0
0.25919540563580185,-3.097699904608469,1.0
-1.0778218452548456,-3.7564914853114213,1.0
1.0965481436976832,-2.6631584020921193,1.0
-0.3264108843153286,-3.666408459689173,1.0
-0.5925834988577333,-2.595644493480334,1.0
-0.20387764445604487,-3.7492231785400594,1.0
0.14883619780908425,-3.4536693726629677,1.0
-1.3483913104632024,-4.703564897322313,1.0
-0.29394788044981257,-3.0993207112068397,1.0
0.46826930116458654,-3.7704258202702925,1.0
1.5152412224497522,-1.7708502117508773,1.0
-0.259470032010134,-3.346609258284423,1.0
1.3344390316282533,-2.518379388529009,1.0
0.5290960687141764,-2.76719419736877,1.0
-0.38332842365126385,-3.589710340248014,1.0
-0.38373391902056136,-3.759823455502783,1.0
0.35288469489614827,-2.867239163313119,1.0
0.5445385982269659,-2.0601016493340625,1.0
0.9368024631639721,-2.393112595555346,1.0
0.47963485714931514,-3.3409000834084717,1.0
0.5331951890064286,-2.9166744531836337,1.0
0.3871862978827246,-2.6507154989303356,1.0
0.8284587663636261,-2.310729378050383,1.0
-1.2333539675938445,-4.249670408480388,1.0
-1.196062258765425,-3.9769199320993276,1.0
-0.4895278109776095,-3.979338670109814,1.0
-0.14187065972193155,-3.0571766910029763,1.0
0.8413889692334657,-2.679013356380452,1.0
0.9406689881279665,-1.1130892217871187,1.0
0.49678989755489844,-1.6517851373453458,1.0
0.7162472951782776,-2.8292413635746096,1.0
-0.39097309345767706,-3.7901739287905545,1.0
-0.4340431611079772,-3.644531802914648,1.0
-0.149603379363299,-3.7619380115192573,1.0
-0.9429993748425392,-3.6343783522110087,1.0
0.03668759092048448,-1.2917730915143308,1.0
-1.2367149788876486,-2.788096409189642,1.0
-1.4584325513601244,-4.5778621527492245,1.0
0.5187003241034475,-2.7364696684008276,1.0
1.956159906054423,-1.4839248645615113,1.0
-0.7166529559912365,-2.7515526549610247,1.0
0.4541849906674926,-1.9879534334985598,1.0
1.3737250540769346,-1.9970962894099704,1.0
0.31657900063012784,-2.4482670240053586,1.0
-0.7381612039888007,-3.129522843774028,1.0
-0.8081766913792198,-3.6543836083331573,1.0
-0.8726702137460186,-2.867995190356106,1.0
0.23971652906318922,-2.2703022597196334,1.0
1.5852806348226287,-1.1545687477418949,1.0
0.45763769046414327,-2.5407361509831805,1.0
-1.0387773932895565,-3.9346475051394876,1.0
-1.3058079911127458,-3.3737172808618743,1.0
-0.7394426494140122,-2.998811249856179,1.0
0.3123991380486923,-2.69279324741007,1.0
0.16598183681350434,-2.1743812136652187,1.0
-0.23243993047932568,-3.5532431719428943,1.0
-0.47610458395908595,-2.8173588944593715,1.0
0.33733179012080267,-3.262826015629396,1.0
0.5011673527815126,-3.751452311845585,1.0
-0.5960843886723647,-3.8625553520742604,1.0
0.16830796889273603,-2.2778534546851805,1.0
0.6793805667086031,-1.0891661252243996,1.0
0.6210640809115384,-2.709868872874078,1.0
-1.192927980401016,-3.74470973439621,1.0
-2.258651497798393,-5.392229890544762,1.0
0.5820285546521177,-3.35357302050146,1.0
0.5431964906986593,-2.9130767231679195,1.0
0.9772983678181806,-3.1258228277197744,1.0
-1.1274213021092103,-5.023360011267476,1.0
3.0342157925016804,-0.7174098073324218,1.0
0.936373411779377,-2.7906684148993772,1.0
-0.998353649765638,-4.085530800799715,1.0
-0.21710572293270206,-2.8310600748899484,1.0
-0.5807854577458591,-2.961885157008866,1.0
1.2256832505281927,-2.120597601135085,1.0
0.1697045868663668,-4.433288403919441,1.0
1.146186892892505,-1.536957798359388,1.0
0.15958103908187773,-2.2483725622727526,1.0
-0.3887855977526613,-4.146526067719643,1.0
-0.765799015238657,-3.005778558588737,1.0
0.1692329800870357,-3.4489700888957318,1.0
-1.0352014288713025,-3.6333236718623487,1.0
-0.7411655445235582,-3.2883660307712645,1.0
2.562362287684263,0.11951612156617708,1.0
-1.8534216587591303,-4.577267239981088,1.0
-0.4030720258836318,-2.962605534175022,1.0
-0.5269801901795143,-3.1147575255410707,1.0
0.24105784998021915,-3.243848876708718,1.0
1.2684401232060454,-2.362871757344452,1.0
1.6402322064266837,-2.035067135227112,1.0
-1.9093497455863306,-4.432417771424333,1.0
0.7164060558549732,-2.530499963121691,1.0
0.10052009055652297,-3.314082989838038,1.0
-0.30995213411263095,-2.818152095363657,1.0
-0.07234897330466848,-2.8598339580076875,1.0
-0.7549440999856801,-3.9270553345214343,1.0
-0.17234229978739732,-3.3680098698937417,1.0
0.12975358860940797,-3.0756238639610722,1.0
0.44679748571037586,-2.4433374918881605,1.0
-0.5837376068227329,-3.49120655058825,1.0
-0.2397794172995525,-3.706488453976577,1.0
1.010082736840274,-1.7261557926091624,1.0
-0.6683478388838096,-3.6368153348106738,1.0
-1.5658985931673026,-3.991819466959538,1.0
-2.479511558100764,-5.606514013656785,1.0
1.181642974015967,-2.2864606337488893,1.0
0.38594398305330013,-2.3129873350696206,1.0
1.630361159847809,-0.5357139544920062,1.0
0.3050596547440487,-2.85102629614972,1.0
1.0600761254300075,-2.0121664564842563,1.0
0.026002025575862422,-3.051122718488379,1.0
-0.1352018297638976,-3.5081178765601386,1.0
0.6764488702806071,-1.9767579702162623,1.0
-0.15595829008212206,-3.0312500409103094,1.0
-0.6813182154126509,-4.328044721526119,1.0
0.41378457603685753,-1.791079900814899,1.0
1.8208591521171316,-2.007285803542007,1.0
-0.8512173739461254,-3.700566344770303,1.0
-0.07084672098828769,-3.1288172207043075,1.0
-0.0005345913839401888,-3.058791407888188,1.0
-1.159980360117354,-4.411791346714195,1.0
-0.414362158293831,-2.279453084478013,1.0
-0.7319235514225666,-2.3202724382775366,1.0
-0.33282209613031166,-2.467992925887653,1.0
1.5218105970672815,-1.381016113723519,1.0
1.2361237066830122,-1.2297964955552554,1.0
1.060891627734263,-1.7596367477732593,1.0
0.6339705208392694,-3.098541490849393,1.0
1.6978649534484114,-1.6253454148358832,1.0
-1.558497960148824,-4.744114206682818,1.0
-0.8521142190094406,-3.8881912962254566,1.0
-0.25401594328186505,-4.409456151025824,1.0
0.08226962484424251,-2.3172735994894067,1.0
0.18221680419419645,-2.8724623176299406,1.0
0.044906351544947494,-2.22816229903906,1.0
-0.2961679645772526,-3.2683258324774394,1.0
-0.7960681621492318,-3.424042051648476,1.0
-0.690892094588279,-2.712463466086081,1.0
-0.0307431723264333,-2.854869275185385,1.0
0.5624877459235603,-2.342571048313922,1.0
-1.3028669244774629,-4.709698753251466,1.0
0.7602175053684426,-1.6093763444222544,1.0
0.11077276867351867,-2.8285088407948553,1.0
0.017777751732109437,-2.9321812762646147,1.0
-0.5415298857342775,-4.072238622142068,1.0
0.932983890833186,-2.01327754085072,1.0
1.9582001550305692,-1.9101951496175482,1.0
-2.010423643418387,-4.531358607730741,1.0
-0.3819517607720389,-2.598967425429063,1.0
1.0870015802022472,-2.1126033611102457,1.0
-0.8731151424437306,-3.3098049102967093,1.0
0.31701462519629475,-4.290205916944785,1.0
0.7675411590858313,-1.9307344867463168,1.0
-0.4656065342283553,-1.8590229930323472,1.0
-1.0554913711600618,-3.702529398435029,1.0
1.0707931955167993,-1.9515304227078167,1.0
-0.5854626701837686,-2.8721896743724193,1.0
-1.1625742205139218,-3.5092544899087716,1.0
0.42993832143727156,-1.6769385249030093,1.0
1.479062663440795,-1.8598794657823712,1.0
-0.3612654978067155,-3.4560652642036724,1.0
1.2142072303542946,-2.305386501689708,1.0
1.3005778655505364,-1.3629718311077477,1.0
-1.1641333960310956,-4.2276278226375315,1.0
0.8453936247218761,-3.085785156326777,1.0
-1.5656152425693093,-3.167063584001953,1.0
2.0415033229281807,-1.631070721754526,1.0
0.8231715608351469,-2.5337344229692236,1.0
-0.7261498339106633,-2.705208777650427,1.0
-1.1236803422142956,-3.7899984587921907,1.0
1.040836605625897,-2.667278464586399,1.0
0.2663457191470395,-1.7545708683633,1.0
0.19987686913067246,-3.082727191411455,1.0
-0.08644118520381153,-2.564906830377702,1.0
0.7980560718986888,-1.3070989537058084,1.0
-0.08003243855876181,-3.2168603844540673,1.0
-0.4891839302586053,-3.3510574931776134,1.0
0.40644756076710636,-2.7533807017695557,1.0
0.6167064057350087,-1.9681556327082874,1.0
0.8070891063151838,-2.7977018230059088,1.0
-0.5776633322606144,-2.7370405751338533,1.0
0.23816223912831455,-3.1464347648674136,1.0
-0.9956116645186787,-2.7707271537136227,1.0
1.2565353923723364,-1.5017383401341617,1.0
-0.561871495863545,-2.8272530161584646,1.0
-0.8810163776372538,-3.9991015882824428,1.0
1.3430155270275201,-1.146868756028565,1.0
1.0917189609933922,-2.5070522493163176,1.0
-0.801384836112016,-4.377457196304544,1.0
-1.437058800669664,-4.224651948712565,1.0
-0.3999079513773948,-3.2055766411475206,1.0
2.1160885325976233,-2.0073982748524153,1.0
-0.3841112802624036,-3.024871883683815,1.0
0.1814203185815052,-3.3381637314641086,1.0
0.00799039306926467,-3.0438925609032945,1.0
0.5873937523295044,-1.7713139494741563,1.0
1.455307304545075,-1.172339303326697,1.0
-0.6839001197416343,-3.045302271405982,1.0
0.9216548271802223,-2.0142096619217176,1.0
-2.2691141980783978,-4.850381651383271,1.0
-0.26591747805482424,-2.9249219475829755,1.0
-0.7745773153423146,-2.3889317467471884,1.0
-0.9060854045891957,-3.9602330560170835,1.0
-0.11580143726311867,-3.3629637917922306,1.0
-0.7031152374271634,-4.592413978712355,1.0
1.0611025344714038,-1.0163252524368958,1.0
-2.1907198006871,-4.894537771140298,1.0
-0.3147988952870708,-2.8991063085268176,1.0
0.5596969096957235,-2.3319991628477013,1.0
-0.2350490526737706,-2.838775026115332,1.0
1.6383856546106252,-1.6822912904608835,1.0
-0.5879916886467974,-4.015274742339236,1.0
0.29662543180743556,-1.4118547402226063,1.0
0.1469080799755801,-3.219231900226147,1.0
1.3748840024093258,-1.16383686611707,1.0
-0.5687827110318877,-3.7577348731605147,1.0
1.0534305821160166,-1.9620958366748444,1.0
1.090878841782128,-2.5049534601941335,1.0
0.43039505043738546,-3.234562623522264,1.0
-0.4262558573341605,-3.041727631325048,1.0
1.2292223689968416,-2.6361318107278677,1.0
-1.1838203229475066,-4.778499435285251,1.0
0.5587146790212754,-2.3065614350195487,1.0
-0.4875571943910687,-3.6496662317587707,1.0
-0.31034492561134247,-3.5639508394418504,1.0
0.4702923947566824,-1.6276256162056562,1.0
-2.89705565434749,-4.824430341032109,1.0
-0.714312758720803,-2.5547464215143134,1.0
-0.18651881338507076,-3.488381155465314,1.0
-0.41259698133695155,-3.4722960441992297,1.0
1.216742151119097,-2.3514065492604788,1.0
-0.17696840527503754,-4.344817772155966,1.0
-0.05781485316184413,-4.088454017631461,1.0
2.593819019051306,-1.5691696880570927,1.0
-1.8037815030312543,-4.9278907597326995,1.0
-0.5309478694915764,-2.633332164338487,1.0
-0.44620812203436405,-4.326273327523073,1.0
-0.882655033211476,-3.7661685734527595,1.0
0.3164628429865882,-2.6681742339888177,1.0
-0.9339690872324766,-4.4943034899956915,1.0
-0.3772596618590198,-3.3833674345284153,1.0
1.9586347827495554,-1.5487546738031583,1.0
-0.5935540615032638,-2.7730428803163396,1.0
-1.1388011880815876,-3.7610908358719555,1.0
0.20384452659559246,-1.6569677205410953,1.0
0.11404568400249605,-3.522435757431059,1.0
-0.10989973687724852,-2.543062462184275,1.0
-0.287677832024654,-2.726775354830075,1.0
-1.1737149472154598,-3.9203970999917725,1.0
0.7708536276415733,-2.1434773212841653,1.0
-0.6308250305768225,-2.4548711557658267,1.0
1.585499062187942,-1.4997701428490222,1.0
0.44815009068915845,-2.3399105060023064,1.0
1.9599064927707144,-0.33495330177944904,1.0
0.5703027676340785,-3.596388688251438,1.0
0.15001119874458319,-2.4648471994758316,1.0
1.5087610648575667,-1.4892010265275495,1.0
1.1790254923677492,-2.1726103167720234,1.0
-0.08337832092563556,-2.967354193194987,1.0
0.36031975286991313,-2.4671486614528577,1.0
-0.6878012560558537,-3.86420213230806,1.0
-1.8204971421838263,-3.895711700855716,1.0
0.6084053837096101,-2.7950004047875465,1.0
1.6187978530845828,-1.4612516208965545,1.0
0.09842972492130538,-2.4088550211679993,1.0
1.5199096115083344,-1.6555281087381157,1.0
-0.688072433101785,-4.149990818547464,1.0
1.180802366589091,-2.7343230526498785,1.0
-2.249722865768381,-5.722466412282623,1.0
1.487817138877052,-2.020582496080188,1.0
0.8197493384479163,-2.350627717206897,1.0
-0.6886787819734814,-3.8773549205387137,1.0
1.3344205970062792,-2.5834864650280815,1.0
-0.03418774703156468,-3.0072836743338334,1.0
-1.4816044927271854,-4.423135411005319,1.0
0.42617344688447206,-3.238318384317691,1.0
0.42890989631111714,-2.848405700328337,1.0
0.6545117502653102,-2.9521746294433657,1.0
-0.46565910731594445,-3.555749499632592,1.0
0.7321009743150408,-3.3519569739409825,1.0
-0.6223196695669617,-3.314304132465487,1.0
0.48296417606989217,-1.8908280773108732,1.0
1.3016392111555466,-1.712192533643179,1.0
0.6738171145802638,-3.1592373672552494,1.0
-0.7183676554072168,-2.6415677439464784,1.0
0.08225687047811012,-3.2105837993600956,1.0
-0.45751594945244417,-3.3906527534726667,1.0
0.10823079269918368,-3.16090573388197,1.0
-1.4933192302622584,-4.20468969641134,1.0
0.5356948363279471,-2.5326127877250317,1.0
0.8952064198382182,-2.4895106831179503,1.0
0.9665466144203408,-2.7508550280792172,1.0
-0.6453542817369732,-3.8294250652351742,1.0
-0.31377916295945335,-3.737603994136115,1.0
0.2821156697292117,-3.167585889211853,1.0
-0.6041800911325496,-3.761294255922121,1.0
1.2125197084875141,-2.8257845805307813,1.0
-0.03750922861021016,-3.485531273771411,1.0
0.17046819327933704,-3.1405292338013355,1.0
-1.0772973980004361,-3.73315003914452,1.0
-0.22942803163033584,-3.6190972444790726,1.0
-0.9846389450699968,-2.9000842076566262,1.0
0.7349825704733471,-2.1560205875352305,1.0
1.1223204324622418,-0.9931512354803722,1.0
0.13001939080474498,-2.3750342667540236,1.0
1.0663659954652784,-0.7967702750985204,1.0
0.16600606177599728,-2.488889945400695,1.0
-0.062291757390944405,-3.2238656693883914,1.0
-1.0781250313832964,-5.120440971646699,1.0
-0.5713561066961439,-2.9954132135717737,1.0
0.06569288708969004,-3.0090448792077193,1.0
0.5235781719884278,-3.2528472734261538,1.0
-0.19830632953458358,-2.874035295443859,1.0
0.02102232183481296,-3.151180204574954,1.0
0.5529153111445478,-2.6237274124191385,1.0
-0.5333490143233558,-4.853052850392853,1.0
0.06563008374224784,-3.1416603268531107,1.0
-1.3986488715601366,-4.363552506593344,1.0
-0.7370911186622976,-5.0803571100063145,1.0
-0.5245625946873758,-3.347438451817032,1.0
-0.8001363461120169,-4.838216353757919,1.0
0.1261897927543899,-2.83203002923115,1.0
0.08563725232093267,-2.1449314424734633,1.0
-0.3221462809912516,-2.0352494536501577,1.0
-1.3007609912412137,-3.6994009595271287,1.0
-0.194227521790228,-3.866967682734166,1.0
0.22785401002285477,-2.40990621952845,1.0
-1.0561548683446644,-3.229419214137972,1.0
0.7154578620025143,-2.8285509046905806,1.0
-0.5589913955317753,-4.071044202429828,1.0
-1.2078862437471385,-3.449106461992518,1.0
-0.3196683479902719,-3.5458211848980583,1.0
-0.2266444237526933,-2.8513036198261723,1.0
-0.7048251717048889,-2.3145004912633613,1.0
1.256904613189343,-2.377238681689072,1.0
1.1132058791332542,-2.2596772044564535,1.0
2.266228888687568,-1.1319970070781153,1.0
0.594931970809077,-2.355411399627284,1.0
-0.004169593763557224,-3.7885512766431897,1.0
-1.423785461597647,-3.2839473933019088,1.0
-0.3002633007691121,-2.304543502152983,1.0
-0.8176702616535181,-2.5598857580059176,1.0
-0.5653980941476224,-4.554498232025138,1.0
-0.3510783069026992,-2.684264643963349,1.0
-0.017315434683831076,-3.0406426278077285,1.0
-0.980129008858689,-4.429080213294233,1.0
-0.11895622233999016,-2.914277317204325,1.0
0.32302729067878205,-2.689703472423447,1.0
-0.872126899516362,-3.598376351326393,1.0
1.1163714768645232,-2.5819378460052915,1.0
0.748213262479766,-2.2509971447503063,1.0
0.41482026483987045,-3.111355854162169,1.0
1.0481339714378644,-2.91322328339037,1.0
-0.3837557971540451,-3.4090658613876217,1.0
1.186088613682429,-1.795810190114415,1.0
-1.039734815187206,-4.507711338745141,1.0
-1.1453629041817401,-4.349935372031512,1.0
-0.21858779659942418,-3.1567647608467824,1.0
-1.379703038021321,-4.279500675160436,1.0
1.4978680359777583,-2.3312624271400235,1.0
